ticker,company,severity,score,published,source,headline,link
APP,Applovin Corp.,elevated,3,2026-09-28T11:44:41+00:00,TipRanks,AppLovin (APP) Faces Securities Lawsuit Over AI “Virtuous Cycle” Claims After Stock Drops,https://news.google.com/rss/articles/CBMixwFBVV95cUxPM3FUNU9WSlpvckVJa05JeEpPUmFvNF9BcFBFV1Y4WjltblZFRkVCamZDd0wwV3BwX2xUVzRodlZfd0p3RmlJemhjR3pfUGExbGFTaEx5ZXFLVHVGSHN5RWVYQmE1ZlNPT2l5QUpSMk5RQVF6ODRjS3RObFRBbUdNTzJMdFlZeDl1MG5MZE16TThJMG9mdmNQR3hkck5UaDdLbm4yYWFLTjNrb2xMLTctemFnMGwzWWtDM3hnb085YU0yZFZmNG1z?oc=5
NFLX,Netflix Inc.,watch,1,2026-09-29T14:38:39+00:00,Benzinga,Netflix Stock Sinks 25% This Year — Deutche Bank Says Buy,https://news.google.com/rss/articles/CBMiwwFBVV95cUxNTnJlUlJWcm9YUXVwU1dxRjlDZjFUaDk0bk1fM0Nud2JoaTJaTDU0WmIwVnlLOVlVdWloV1I0eVBFUWwzdm8zdnlrQ2FpWm9ZR256U2FyUHEwXzhvWXhKRmZ0eXdmVjgwbzhtRkVBMXhKaDBqQWM5V3hPUkJpREExQ25NbWhldjBYejRuSnRXbENhZzZWSGg0RExZLW9lU3R0OVVvUlZPU1dlX2J1djRVMS1yV08wZzZPMjJOX1pqYm01QWM?oc=5
APP,Applovin Corp.,watch,1,2026-09-29T14:15:15+00:00,TipRanks,AppLovin Stock’s (APP) Sell-Off Looks Like a Buying Opportunity,https://news.google.com/rss/articles/CBMilAFBVV95cUxOSUxrbG4tdmpDZ1pyVDBJX1VnQV9jR016OGs1cDl1S0t3SlBRRG9QeHhLaUJTTFNpbHJvVkpfdGtMR2l2OWRpc0ZlRng2eXhSNUxNbFlJQW1GQm1hRmJQbl9BM0t1VUhCNTBFNWs5MmNRY1BOMEFkWmUyYlJqbFNhbmdtVzB0cEF6SC10LWd2R2lDWWtS?oc=5
CRM,Salesforce Inc.,watch,1,2026-09-29T03:13:22+00:00,Stocktwits,CRM Stock Snags Second Rating Downgrade This Month – Analyst Says Risk/Reward On Salesforce Balanced In Absence Of Notable Growth Inflection,https://news.google.com/rss/articles/CBMiqgJBVV95cUxOT1pNaUI0WUxZd0R1NXFySDF2aHk1bkJFc3hzY1c4VFE3RFlnWnBUazJ2TW50N0ZPaXZKUHNJTi1rTjhSWEhCWWo1dlVTdGV5SHR0S1RCSS0zMWthS0xMMmVJLXF6eDMyNzlTRE9OWWtlbFg0d1RsbkZyXy1pUmozMXRSbGdad1AxeXFXWVUzQXhubXpIVHc0WW1kM3RFbVJaaktQejJvTE9XdmRyNEhUQTRQU3AzOE5jcnR6M3djUFplejNZSE9MVUdwRndjQmt1eEl2cGoza2I0N1pwSU1qXzNlMDMwbUJDR2h1QTI2MVZNcFpFWmtqZzR3c293WWdBRVNwQm1MOGxFNDRMVVY3VUt3Zk9RTE5IOUpldFI4aU9hQ19jUlRvLWdB?oc=5
CIEN,Ciena Corporation,watch,1,2026-09-28T22:57:57+00:00,GuruFocus,Ciena Corp (CIEN) Shares Fall 3.6% -- What GF Score of 76 Tells Investors,https://news.google.com/rss/articles/CBMiqAFBVV95cUxNdWw1TGlLREc3WEc5Rldvb2V4N3FJLW9yTmc5b2NnUDJQT0xYX25DcVpHQVRPTVBQLWNaZnRRVVpFSlNXc0tVNzl2WVpSS1V1TWRuTEl4aXBHRndRV3JESDFTejJHV1V6c2N3Q1A5a3RPenIyYXBVeTlFS25IbU9zeEhWa1B5Wi1oNkh1TUR3d0dQaDFIVWdQM2dBTGlndGFTcnB4TlkwX2Q?oc=5
QCOM,QUALCOMM Incorporated,watch,1,2026-09-28T22:15:37+00:00,GuruFocus,QUALCOMM (QCOM) Shares Drop 7.17% Amid Market Weakness on Septem,https://news.google.com/rss/articles/CBMirwFBVV95cUxPSUVpVHJlNmhNd09jaThZOW51NHhQdEkyUUthcEpIUVg3LURNY1FUMmJVeWJKbVJVRHdYZ2xrYmVSWkhWNml1OGFlcG8tRFhIdk0wLVE0TkhlcTNDQ2tSb0dFbGVNNl9JV3l2Q0Rzc3dIRnNZU1NweFYxZV9tNWZKUVVzZUhKcGxEMWl0eHNoMVZRdUpWSFFJUnlValdOZGZaYUJlN1lnbXg2b25sdGJr?oc=5
ZM,Zoom Communications Inc.,watch,1,2026-09-28T21:34:00+00:00,marketwatch.com,"Zoom Communications Inc. stock falls Monday, underperforms market",https://news.google.com/rss/articles/CBMi2AFBVV95cUxQMlktZmFzUlpraGdPTWFBSVhyMlZ3eDh5NWRxRWpxMjJMQmw5aFluQ2s3U3MzMHpKczcwSnpEQllXNWxzd09fRHI2OUpPZkZFWHBQSS1TQU12QVBKV25xZUVkNjFXeW5PcjlKQlA0dFhDYWJKZjhoalFPRWhjRTN5LTlNcUlmS1l2OUY4aHE5X0VJcVFuZV9ETWw1ZzAtWGxSTmJaLVlqTXRjQjBvUGJrMXo2Rm4wOHpqSmhVUXIxSkpwaVlyWlBJNTh3NXU5OXYzMzA5M3dYSWQ?oc=5
NOW,ServiceNow Inc.,watch,1,2026-09-28T21:33:36+00:00,GuruFocus,ServiceNow Inc (NOW) Shares Fall 3.1% -- What GF Score of 86 Tel,https://news.google.com/rss/articles/CBMirAFBVV95cUxPV2dLNHBZSEs4TEkybkZDbWlMVVhQY19pZjFUNXVBMlpQNUpBMmwxenhBY3R5YUpHTWRyd2ZWRWl2a0kxYkcxZFFqemk3VU5RbV9xM3B6ZElfOXgyOWhzLUZtaU9uVEExbmIxUGd3TnNGUFF0aklsRWRWa1VNSEkteGtyMURtX0dzYTRfLTZaUmhaeUtYQm4temxSclVhdWVSNjFRQkN0Ti0tX05q?oc=5
MRVL,Marvell Technology Inc.,watch,1,2026-09-28T21:31:21+00:00,GuruFocus,Marvell Technology Inc (MRVL) Shares Fall 3.8% -- What GF Score of 76 Tells Investors,https://news.google.com/rss/articles/CBMiuAFBVV95cUxPeWFxMzVZTlNSellkaEZDZTJZRU5Ka0k1X05hQTdlNDZsaUc0TndQQ0VJc1BYXzd5TU9ud0NSMzdVSVkxOWo3a0lEOTV0TnFGQzA5VXdvLVhLU2hLODJYMWNCOWJqTjIzSHU1dkx1Y0pUNWpuZ3R1alhCMFlfbHFETDBJWEp2N2hEbzdmb1VweEhNQkVEWWRnNTVUM3d6WHNYdGNfYnBRQzU5Z2JYc1dxaWVyMWxIak8w?oc=5
QCOM,QUALCOMM Incorporated,watch,1,2026-09-28T21:31:21+00:00,GuruFocus,Qualcomm Inc (QCOM) Shares Fall 7.2% -- What GF Score of 90 Tells Investors,https://news.google.com/rss/articles/CBMiqwFBVV95cUxNYlRHOEZJNUU4U3FoOXRydzlKeHBWNXNkZXEtdmdmU1NMbmJQc0pjdElFaDVYMjZobHNKbEI0eGppZkFCb1d4LUR2TnlNRmRHWllfXzdab1NiRjVhQmJIaG9mdzNfSmhLRjgwd3g4R0VKT2htS0R4NUJZQmV6VjBSeHJTOFRlTVlXZjZUZ1c2TEFUa241dVdrbG9jVFhfLXZ1Zmpmb2kxdkx0Tmc?oc=5
QCOM,QUALCOMM Incorporated,watch,1,2026-09-28T21:28:46+00:00,Seeking Alpha,QUALCOMM slides 7% amid longer-term upswing (QCOM:NASDAQ),https://news.google.com/rss/articles/CBMihwFBVV95cUxNSnZmQlVJbDVJbFo3Q05SNVRkWGswd1FTLXl1TDRQMGVXT0ZRN0RsMjAxb0VsRkJ0NEtCNW56ZFZJaXBWR3gxc1ZIVVNQZVdmZVpnM2xhYzhpUGJqZEJnZnR3N1JXOU5IdmdwMkg4YXJrOVhwYnVnZEpleXByYjhlbWJSS2stLTg?oc=5
CRM,Salesforce Inc.,watch,1,2026-09-28T21:28:39+00:00,MarketBeat,Salesforce (NYSE:CRM) Stock Falls 2.9% - Here's Why,https://news.google.com/rss/articles/CBMipwFBVV95cUxQQmpHREF1djFvekdMRzE0R01yQURrVlU1cVJtREo0amhEUktMRDVJZVhYT05BLURKREQzZnhNT2tBNjNnWDQ1NlFla2NKZ0N2amtxTHlwUE9zc2ZwanFZeV9va2RuZHFEX2pCU0FFWVNQeWswMXZNZzZvSDFxdTNVbzA5TE54VFl1VUpWeDVTcUdkNnBWbXBHSVgwY3BjQkRVWmU1RTJfMA?oc=5
NOW,ServiceNow Inc.,watch,1,2026-09-28T21:28:39+00:00,MarketBeat,ServiceNow (NYSE:NOW) Stock Falls 3.2% - Time to Sell?,https://news.google.com/rss/articles/CBMiqwFBVV95cUxQTlFWMi03NHZoVU16S19hRVVCWUNoNDdXb19mQlFscU9tYkFmNXRrSk94X1NHTlpSYTFBQU8ycU5sMzAxWERBNjdHamtTblVib0VoSjZIZWJwSG8xSGxjWVBaQ3haZWlURHRna3g2RzlSV0gzRFZFbElJMThLdi1VZkZfZEsyZlRFLU9YUFFtMlRGTS1hY1NzN29yU1pDTmFxNUJWbExQdGpNcXM?oc=5
DDOG,Datadog Inc.,watch,1,2026-09-28T21:19:23+00:00,Stocktwits,"Datadog, Zscaler Lead Fresh Software Stock Selloff As AI Fears Return, But Analysts Call It Overdone",https://news.google.com/rss/articles/CBMi9AFBVV95cUxNMlZ0ZVg0cGZtT2MyTzFFem1xeU4tUFJnSGZPcmFCUzZ1ODdPaFB6SWRyQ3FoajdrNkJRaFV6emNubEI0V0E0RmZPQUVkN2c5c0d2RU5kRFN3VkUyUnBXa2s5RWhvMkFGNnBUOVBhajNYYW9UZ1lkZVhJWjlMbHcwek52R1F6Mk03ZmZUdmhtQ3c4M250VXdWQ245VDB6Qno3WV9PVWRQQ0hYNm9Ya2RxOXdzSWlaTUNLNmRjZ2N1M2N3bW5Ib0NWbmtFTks3TmJzUUNXOE5HdjUyV2E5emY5TThsTThvNTVDR3ZTb3FFLVJTNDFX?oc=5
MSFT,Microsoft Corporation,watch,1,2026-09-28T19:23:42+00:00,Yahoo Finance,Microsoft Stock Drops 2.2% as AI Adoption Gap Reaches 12.6 Points,https://news.google.com/rss/articles/CBMilAFBVV95cUxNN3hlcVYtaTcyQTBwRGNPWk5rVV9XTWVxaVdXb1Ntd3hsMEoxaDhwZC00VEFudC1pdVVXMUNxQU9BS2F2N3J5ZTRieEtUM3lqZ0dWcUI0cnlkYjFHQkNkQmk0eVoyTU1CMXYzV2Rlek10SnlZclpveTMtUWVCMnhoSW1xRTZZTVl5Y25SeTNqTHdwazY1?oc=5
MSFT,Microsoft Corporation,watch,1,2026-09-28T18:51:42+00:00,Yahoo Finance,"Microsoft, Oracle Stocks Tumble After Meta Unveils New AI Enterprise Push",https://news.google.com/rss/articles/CBMioAFBVV95cUxOZEZ1ZjlTb1gxa1lZb2toSnNsNV91aHlmVFA1NTZnNk0zWHBKczdQNmw5amNLZlJ2SW9vSzhjeGZsYkgwZHB0RjFuNDZyOTBCaGl4dnhTY01tQTRiankwNVVrUFo0M3FER3RQbUdTM2ktYTRJUFhJdEtiUUJVQXVVSnhsQ1BWa04zUUhBM2hrdmdFcE5NM1hTTW5lU1ZaeEVX?oc=5
NOW,ServiceNow Inc.,watch,1,2026-09-28T17:23:50+00:00,Stocktwits,"NOW, TEAM, DUOL Stocks Hit 52-Week Lows: What's Driving The Selloff?",https://news.google.com/rss/articles/CBMixwFBVV95cUxNQlAzWG1QR0NockJuRTNtWjFuNjFlZXhJTFpRaTFFaFNzRWs5R05Bd1FVSEY2d0tkUEdRUWdzVTE0RU43MndUdjB1LUdBNzd4eUE1cmR5REZoZDdXUkZoVElkdmZkT1JCcGNuUTRveWNMS2E1SU1xT0pRMFNLOUFxOHpTQWZIS2VDOUJoVHNad2o0Nmk4WWZmRWU5SllRczlzcGxaZVg4ZmhXOHJfb2lPWS1mT0hvZjlZd084WDJQU0lkTnR6NVUw?oc=5
ANET,Arista Networks Inc.,watch,1,2026-09-28T14:56:26+00:00,AD HOC NEWS,Arista Networks stock falls 1.10 percent after S&P 100 entry,https://news.google.com/rss/articles/CBMixgFBVV95cUxQdGpKb1pRcUlKYlVsVlZHek51ZmFqY3dYVVJhekd3U3Byb0g0aktidi1vWmVJeHp5d0hiSF9fWDUxVnZmOFRXRHhNRjY2Y25kU3hDN1l0NG5BTDg1bFFLM253Nng3Z2lNQzVnbEViR1JuOXZFa3g1bkg1c01aeG5PTmdMTGF1amw5ODRZdTZoOVp6RUNTQ1lwOEdPQ2ZIb3h3MWFkdzQ1cXQzUWVyUDFOUk53TXpoMGwzLUR5SkNNN0dlR1JYWWc?oc=5
ON,ON Semiconductor Corporation,watch,1,2026-09-28T13:51:04+00:00,AD HOC NEWS,ON Semiconductor stock falls 1.89 percent as Wells Fargo cuts target,https://news.google.com/rss/articles/CBMiywFBVV95cUxQdUE1ZjlxLXIzSVpXTTZyMG9INWF0WmFIVFEyWU1mbEMwd1F3UDZxcGt1bFlhWG9RVFNQZ2VVQTl1Tzdtek5Db1ZNOHhFZUZ1RDVxTW8teGh3bXFpZXVqMVVTX3hMZnA5cU83Q3BYOVVFb3drb0hZTnJlWFg0UVhyX3lMM2RzSVNER011bi14TjJRRXM3Mnd1ekdjME5fVHdubHB4Nmk2aVd6OFJic2p3TEVQbThaWEV1WTM1MTItRUFqRXhneTZLZ3R0OA?oc=5
DDOG,Datadog Inc.,watch,1,2026-09-28T13:45:51+00:00,Yahoo Finance,"Snowflake Slides 4% on Proposed $3.5B Convertible Offering; Oracle Falls 3%, Datadog Drops 4%",https://news.google.com/rss/articles/CBMimgFBVV95cUxPbmJsQ3pBT1lWVUZjR0dCQlJaWnBBUG1IME5mNHA2UFlFelBpUE5wbFhvMlBZSTNKWDNlY1NvZlplY0U0bks1UkNjcE8wMnlTVzJCY3VpNjM4UFQ4Nm1rX3Nnc3RQbVhHQnYtTDR1QU5oSTlsRkJaZDdUQ1hrV2pjc0F4bVVKMlMtOC1xS3dVWkVUUWFuRkR0Rktn?oc=5
ON,ON Semiconductor Corporation,watch,1,2026-09-28T07:20:00+00:00,재경일보,"Semiconductor Stocks Tumble After Chuseok Holiday; Samsung Electronics Closes at 270,000 Won",https://news.google.com/rss/articles/CBMiSkFVX3lxTE5hODljcV95bWZ0SzJ3NFVNWm5iYzRGNVNWUUFIMmlZSVMzN3JtZllMckc4Z0tGc0pvOHR4OHpoWjRrc0xwZkZic3p3?oc=5
DDOG,Datadog Inc.,watch,1,2026-09-28T07:00:00+00:00,TIKR.com,Datadog Stock at $269: Is Acceleration Already Priced In After the Post-Earnings Selloff?,https://news.google.com/rss/articles/CBMiswFBVV95cUxOWlhpSi00aU44WjFBSlIwdGpucDdBVmtidDRNYVlrSmZhNUFYb0ZfMXVOT0d2VWt3RzlqVEg5eno0ZWo0UC11VEFabXA2VXNOa3IzZFFsNm5OYkEtV3lYTDRGMHMxQmtaX3BxVkREci1TMWloTmt5Ni1xSWpDY050VXU2T1hsNGFWTFlfT3BmYmU2WVhORnY0b25TWEI3aUhJZjNrdmdpdjVqeDJLYzhWeS1yOA?oc=5
DDOG,Datadog Inc.,watch,1,2026-09-27T19:36:27+00:00,Stocktwits,"DDOG's Late-June Rally Failed To Carry The Stock Beyond Recently Hit Record Highs – Interestingly, Bernstein Now Flags Slowing Demand Signals",https://news.google.com/rss/articles/CBMiqgJBVV95cUxOYzFPRjBaWV9sNDdpN3d2bzBxM1FOMVVJaUQ0Zmt5RkdQS05neW84blR0OXlBUzVKWXg0amM1MldNSG5UNUs0WWlvblRveEFlWUt4eXZJVEtZNnlUX1V3RTYtbDg5S3lzdlNDdkx6d1RobUlfR3liVERla1NZYndmMlF3YmZNN0pSYVlnb2pfOENnc29IMktuSGwtVnYwWkVraTRhSVhBVERyRktzMDJ4ZEFvUXI4QlUyVzFya2QxU21LQXF6bWhMMHBzUGk5N3F4eVM5MUlXS2N0eW5mdkJ2WEttN1VFNGpQMjMtVkJqR2c5Smo0NGRMUXpzQjdDbUIyOEYzUnE5amFDRkc5N3RDazZhWlFOV09lREJZd3MtMUNObUhtdmVvMGxB?oc=5
TWLO,Twilio Inc.,watch,1,2026-09-27T09:31:34+00:00,Eastern Progress,Twilio (TWLO) Stock Falls Amid Market Uptick: What Investors Need to Know,https://news.google.com/rss/articles/CBMi5wFBVV95cUxQVWtoYnBCa1kyVVY4Tmh4Q0ZhdzZpTi10MG9BaUFFclJDaXhmaHNmaDhfbFp1VkhrRlZwQUkxVDRPYlhIQ3JCVnl1WldESk4wMGwtTzc3UWt2VnpEM0QxeUZrQnN4eThZY05oaEM1eXRGRndpUGYtOEFGN25SaGhIQ3dVOHhGNkRPLUJCejN1QVBoeTUzVFVDSUg3bktiOG1Cck1tdUhiNmNBV2NJSjhhVU05Y1c0V3F2bV9XYjBLY3ZvX3VUemZuWnpPUnV3VHdMbE52UjV0YllZbE4tWGRsVnoyakZva2M?oc=5
GWRE,Guidewire Software Inc.,watch,1,2026-09-25T23:17:44+00:00,TipRanks,Guidewire Software Rockets Back After Earnings Sell-Off,https://news.google.com/rss/articles/CBMimgFBVV95cUxNOXZTT19PVm9lU3BrU1BuWEtsejBtTUNINEtTNXhJaVcwODhFX0RGa0FKcFd0NGpXNzZUeVlZNlpqb2dUM0xSYlNRUWRwT2xJQ2EyT2ZTNU4xY2dBSkIxNmxNVjVtWFV5WHBQRHZTNVdraVZTMG9Fb3FZUG45OF9KR0NSWHEtQUQ5OVBxeklFb2VJU1lETnpiYmRB?oc=5
TWLO,Twilio Inc.,watch,1,2026-09-25T20:14:24+00:00,Yahoo Finance,HSBC Just Downgraded Twilio Stock. Here's Why.,https://news.google.com/rss/articles/CBMinwFBVV95cUxOR2ZQb3I3V3FfNkhoa1NOVUxtdEkzMTRJOGctWjN4cHh3ejlzeWxBdVF0bE1yV3U4M3ZlQkxfaXItcHNJNXRlejZydXBuMFVpUm9Fajh6cVYwd21yWVIxUW5RREdCYzNUYjJaNURIcU1Cai1NWGVyNTREaEh0LVNIb0kwMi15X1pyZl9EU2dtZnFwZGVxX2xac05YdVBYUEE?oc=5
V,Visa Inc.,watch,1,2026-09-24T22:40:15+00:00,simplywall.st,Does Stablecoin Settlement Change The Bull Case For Visa Stock (V)?,https://news.google.com/rss/articles/CBMizAFBVV95cUxOLTkwZU15NzZZclNKMkt1QTdSMzNmbWZjMXFadkJUbGtPLXIyNGVTZVFRNXp6bTlybFotX3E1VG9KaVBJZXNXSmZleGxHNW0zU0hWaWRBZlA5OENWcW9nYkVoVDdqMU5UMGYtQU1BdjZXZkFmMjdnRmc3dkIxTkt3Wm1MazZqSjFRd0RaMzlzbWpyMVBhSENERXdmMHhXUzhsdWFOVTZDSm5YVXpwYVZlWTBqU1FVTjBnRWlSZWhGYWlaWDhISTMwVm9saGrSAdIBQVVfeXFMTTA4bUFzTEtpY1BpdUFMOExodFk1M3ZpQ1BkUmhrZk9IVG8tZ3lyNjVCMXF1S3kwZXBvR1RaNy1oUXdqMkMwQzU1WUFvbTJxXzdlbUpZT1FEeGhkcmxTOUNDcm9LY2hZTFZxNGtOVFNveklYUnI3SE9Fb0w5dnFtS05udXZWMHVMWHdHbTJuTWpOMFM3b0JKS0dpMXJaU2hJVVJ1RVVSVEphWUg1emtnb1B5Z3gxRUk4cDlIa0hmMDVvaDZaRzZwbmJfalNOeEVLY0J3?oc=5
